{
  "hash": "30c71063",
  "configHash": "de266154",
  "lockfileHash": "a5aa2389",
  "browserHash": "80713141",
  "optimized": {
    "@angular/cdk/bidi": {
      "src": "../../../../../../node_modules/@angular/cdk/fesm2022/bidi.mjs",
      "file": "@angular_cdk_bidi.js",
      "fileHash": "d64bcf28",
      "needsInterop": false
    },
    "@angular/cdk/scrolling": {
      "src": "../../../../../../node_modules/@angular/cdk/fesm2022/scrolling.mjs",
      "file": "@angular_cdk_scrolling.js",
      "fileHash": "fe953fb7",
      "needsInterop": false
    },
    "@angular/cdk/text-field": {
      "src": "../../../../../../node_modules/@angular/cdk/fesm2022/text-field.mjs",
      "file": "@angular_cdk_text-field.js",
      "fileHash": "68cd0ad9",
      "needsInterop": false
    },
    "@angular/common": {
      "src": "../../../../../../node_modules/@angular/common/fesm2022/common.mjs",
      "file": "@angular_common.js",
      "fileHash": "f43852e8",
      "needsInterop": false
    },
    "@angular/common/http": {
      "src": "../../../../../../node_modules/@angular/common/fesm2022/http.mjs",
      "file": "@angular_common_http.js",
      "fileHash": "633fa2de",
      "needsInterop": false
    },
    "@angular/core": {
      "src": "../../../../../../node_modules/@angular/core/fesm2022/core.mjs",
      "file": "@angular_core.js",
      "fileHash": "2282f0ce",
      "needsInterop": false
    },
    "@angular/forms": {
      "src": "../../../../../../node_modules/@angular/forms/fesm2022/forms.mjs",
      "file": "@angular_forms.js",
      "fileHash": "9b5801d8",
      "needsInterop": false
    },
    "@angular/material/button-toggle": {
      "src": "../../../../../../node_modules/@angular/material/fesm2022/button-toggle.mjs",
      "file": "@angular_material_button-toggle.js",
      "fileHash": "4bb465f4",
      "needsInterop": false
    },
    "@angular/material/core": {
      "src": "../../../../../../node_modules/@angular/material/fesm2022/core.mjs",
      "file": "@angular_material_core.js",
      "fileHash": "cc4729e6",
      "needsInterop": false
    },
    "@angular/material/datepicker": {
      "src": "../../../../../../node_modules/@angular/material/fesm2022/datepicker.mjs",
      "file": "@angular_material_datepicker.js",
      "fileHash": "8ddd2353",
      "needsInterop": false
    },
    "@angular/material/form-field": {
      "src": "../../../../../../node_modules/@angular/material/fesm2022/form-field.mjs",
      "file": "@angular_material_form-field.js",
      "fileHash": "c7a9b84a",
      "needsInterop": false
    },
    "@angular/material/icon": {
      "src": "../../../../../../node_modules/@angular/material/fesm2022/icon.mjs",
      "file": "@angular_material_icon.js",
      "fileHash": "4052a7ce",
      "needsInterop": false
    },
    "@angular/material/input": {
      "src": "../../../../../../node_modules/@angular/material/fesm2022/input.mjs",
      "file": "@angular_material_input.js",
      "fileHash": "6f2f7216",
      "needsInterop": false
    },
    "@angular/material/table": {
      "src": "../../../../../../node_modules/@angular/material/fesm2022/table.mjs",
      "file": "@angular_material_table.js",
      "fileHash": "235cab72",
      "needsInterop": false
    },
    "@angular/platform-browser": {
      "src": "../../../../../../node_modules/@angular/platform-browser/fesm2022/platform-browser.mjs",
      "file": "@angular_platform-browser.js",
      "fileHash": "c922b893",
      "needsInterop": false
    },
    "@angular/router": {
      "src": "../../../../../../node_modules/@angular/router/fesm2022/router.mjs",
      "file": "@angular_router.js",
      "fileHash": "282f9a8d",
      "needsInterop": false
    },
    "rxjs": {
      "src": "../../../../../../node_modules/rxjs/dist/esm5/index.js",
      "file": "rxjs.js",
      "fileHash": "909f1485",
      "needsInterop": false
    },
    "rxjs/operators": {
      "src": "../../../../../../node_modules/rxjs/dist/esm5/operators/index.js",
      "file": "rxjs_operators.js",
      "fileHash": "6c957535",
      "needsInterop": false
    },
    "sweetalert2": {
      "src": "../../../../../../node_modules/sweetalert2/dist/sweetalert2.esm.all.js",
      "file": "sweetalert2.js",
      "fileHash": "970d7f41",
      "needsInterop": false
    },
    "xlsx": {
      "src": "../../../../../../node_modules/xlsx/xlsx.mjs",
      "file": "xlsx.js",
      "fileHash": "1ac8a11d",
      "needsInterop": false
    },
    "zone.js": {
      "src": "../../../../../../node_modules/zone.js/fesm2015/zone.js",
      "file": "zone__js.js",
      "fileHash": "ffd0a6ec",
      "needsInterop": true
    }
  },
  "chunks": {
    "chunk-SW4TCSLG": {
      "file": "chunk-SW4TCSLG.js"
    },
    "chunk-TG2FWLNU": {
      "file": "chunk-TG2FWLNU.js"
    },
    "chunk-VF6HC4RU": {
      "file": "chunk-VF6HC4RU.js"
    },
    "chunk-QOPPWF34": {
      "file": "chunk-QOPPWF34.js"
    },
    "chunk-YXBPM4O5": {
      "file": "chunk-YXBPM4O5.js"
    },
    "chunk-K2Y3GBRL": {
      "file": "chunk-K2Y3GBRL.js"
    },
    "chunk-U6TKBJLE": {
      "file": "chunk-U6TKBJLE.js"
    },
    "chunk-GXAYLH2T": {
      "file": "chunk-GXAYLH2T.js"
    },
    "chunk-U5FXIAYX": {
      "file": "chunk-U5FXIAYX.js"
    },
    "chunk-HIKNI2F6": {
      "file": "chunk-HIKNI2F6.js"
    },
    "chunk-JOMEBHTE": {
      "file": "chunk-JOMEBHTE.js"
    },
    "chunk-ALONLSO7": {
      "file": "chunk-ALONLSO7.js"
    },
    "chunk-UXS6CMAH": {
      "file": "chunk-UXS6CMAH.js"
    },
    "chunk-DQ7OVFPD": {
      "file": "chunk-DQ7OVFPD.js"
    },
    "chunk-EOFW2REK": {
      "file": "chunk-EOFW2REK.js"
    },
    "chunk-MXKQTV5Y": {
      "file": "chunk-MXKQTV5Y.js"
    },
    "chunk-ACXJLH7I": {
      "file": "chunk-ACXJLH7I.js"
    },
    "chunk-YQNB2HCB": {
      "file": "chunk-YQNB2HCB.js"
    },
    "chunk-FDDX3AEH": {
      "file": "chunk-FDDX3AEH.js"
    },
    "chunk-E52Z7QB2": {
      "file": "chunk-E52Z7QB2.js"
    },
    "chunk-75SH7PZL": {
      "file": "chunk-75SH7PZL.js"
    },
    "chunk-VW5QZBZQ": {
      "file": "chunk-VW5QZBZQ.js"
    },
    "chunk-NDZIWK7R": {
      "file": "chunk-NDZIWK7R.js"
    },
    "chunk-WV7OGJP6": {
      "file": "chunk-WV7OGJP6.js"
    },
    "chunk-YVXMBCE5": {
      "file": "chunk-YVXMBCE5.js"
    },
    "chunk-G6ECYYJH": {
      "file": "chunk-G6ECYYJH.js"
    },
    "chunk-RTGP7ALM": {
      "file": "chunk-RTGP7ALM.js"
    },
    "chunk-GOMI4DH3": {
      "file": "chunk-GOMI4DH3.js"
    }
  }
}